domain,url,date,release_id,kind
abc26news.com,https://abc26news.com/press-release/2026-09-24/36829/king-of-aeo-contest-gets-a-second-leader-as-brazil-s-allan-oliveira-takes-number-1-on-google-brazil,2026-09-24,36829,syndicated press release
abc8news.co.uk,https://abc8news.co.uk/press-release/2026-09-24/37067/king-of-aeo-contest-gets-a-second-leader-as-brazil-s-allan-oliveira-takes-number-1-on-google-brazil,2026-09-24,37067,syndicated press release
abcultra.com,https://abcultra.com/press-release/2026-09-24/37080/king-of-aeo-contest-gets-a-second-leader-as-brazil-s-allan-oliveira-takes-number-1-on-google-brazil,2026-09-24,37080,syndicated press release
advancefuturerobo.com,https://advancefuturerobo.com/press-release/2026-09-24/37094/king-of-aeo-contest-gets-a-second-leader-as-brazil-s-allan-oliveira-takes-number-1-on-google-brazil,2026-09-24,37094,syndicated press release
advanture.brandingnews.net,https://advanture.brandingnews.net/press-release/2026-09-24/37035/king-of-aeo-contest-gets-a-second-leader-as-brazil-s-allan-oliveira-takes-number-1-on-google-brazil,2026-09-24,37035,syndicated press release
airnewswire.com,https://airnewswire.com/press-release/2026-09-24/36929/king-of-aeo-contest-gets-a-second-leader-as-brazil-s-allan-oliveira-takes-number-1-on-google-brazil,2026-09-24,36929,syndicated press release
alianewswire.com,https://alianewswire.com/press-release/2026-09-24/37064/king-of-aeo-contest-gets-a-second-leader-as-brazil-s-allan-oliveira-takes-number-1-on-google-brazil,2026-09-24,37064,syndicated press release
aljazeerawire.com,https://aljazeerawire.com/press-release/2026-09-24/36933/king-of-aeo-contest-gets-a-second-leader-as-brazil-s-allan-oliveira-takes-number-1-on-google-brazil,2026-09-24,36933,syndicated press release
alwatannews.co.uk,https://alwatannews.co.uk/press-release/2026-09-24/36921/king-of-aeo-contest-gets-a-second-leader-as-brazil-s-allan-oliveira-takes-number-1-on-google-brazil,2026-09-24,36921,syndicated press release
america-insider.net,https://america-insider.net/press-release/2026-09-24/36895/king-of-aeo-contest-gets-a-second-leader-as-brazil-s-allan-oliveira-takes-number-1-on-google-brazil,2026-09-24,36895,syndicated press release
american.theustribune.com,https://american.theustribune.com/press-release/2026-09-24/36982/king-of-aeo-contest-gets-a-second-leader-as-brazil-s-allan-oliveira-takes-number-1-on-google-brazil,2026-09-24,36982,syndicated press release
americanprwire.com,https://americanprwire.com/press-release/2026-09-24/37128/king-of-aeo-contest-gets-a-second-leader-as-brazil-s-allan-oliveira-takes-number-1-on-google-brazil,2026-09-24,37128,syndicated press release
analyticsboot.com,https://analyticsboot.com/press-release/2026-09-24/37114/king-of-aeo-contest-gets-a-second-leader-as-brazil-s-allan-oliveira-takes-number-1-on-google-brazil,2026-09-24,37114,syndicated press release
arabinsiders.com,https://arabinsiders.com/press-release/2026-09-24/36874/king-of-aeo-contest-gets-a-second-leader-as-brazil-s-allan-oliveira-takes-number-1-on-google-brazil,2026-09-24,36874,syndicated press release
arizonaheadlines.com,https://arizonaheadlines.com/press-release/2026-09-24/36908/king-of-aeo-contest-gets-a-second-leader-as-brazil-s-allan-oliveira-takes-number-1-on-google-brazil,2026-09-24,36908,syndicated press release
art-collection.nftcollectorshub.co.uk,https://art-collection.nftcollectorshub.co.uk/press-release/2026-09-24/36973/king-of-aeo-contest-gets-a-second-leader-as-brazil-s-allan-oliveira-takes-number-1-on-google-brazil,2026-09-24,36973,syndicated press release
art.hotspotfood.com,https://art.hotspotfood.com/press-release/2026-09-24/36976/king-of-aeo-contest-gets-a-second-leader-as-brazil-s-allan-oliveira-takes-number-1-on-google-brazil,2026-09-24,36976,syndicated press release
art.studio-hubs.net,https://art.studio-hubs.net/press-release/2026-09-24/37004/king-of-aeo-contest-gets-a-second-leader-as-brazil-s-allan-oliveira-takes-number-1-on-google-brazil,2026-09-24,37004,syndicated press release
asia.airnewswire.com,https://asia.airnewswire.com/press-release/2026-09-24/37047/king-of-aeo-contest-gets-a-second-leader-as-brazil-s-allan-oliveira-takes-number-1-on-google-brazil,2026-09-24,37047,syndicated press release
asianews1.com,https://asianews1.com/press-release/2026-09-24/36886/king-of-aeo-contest-gets-a-second-leader-as-brazil-s-allan-oliveira-takes-number-1-on-google-brazil,2026-09-24,36886,syndicated press release
asiasportsblog.com,https://asiasportsblog.com/press-release/2026-09-24/37129/king-of-aeo-contest-gets-a-second-leader-as-brazil-s-allan-oliveira-takes-number-1-on-google-brazil,2026-09-24,37129,syndicated press release
athletics.ndtv-news.com,https://athletics.ndtv-news.com/press-release/2026-09-24/36962/king-of-aeo-contest-gets-a-second-leader-as-brazil-s-allan-oliveira-takes-number-1-on-google-brazil,2026-09-24,36962,syndicated press release
atlantannews24.in,https://atlantannews24.in/press-release/2026-09-24/37069/king-of-aeo-contest-gets-a-second-leader-as-brazil-s-allan-oliveira-takes-number-1-on-google-brazil,2026-09-24,37069,syndicated press release
atlantaposts.com,https://atlantaposts.com/press-release/2026-09-24/36881/king-of-aeo-contest-gets-a-second-leader-as-brazil-s-allan-oliveira-takes-number-1-on-google-brazil,2026-09-24,36881,syndicated press release
aurora-headlines.com,https://aurora-headlines.com/press-release/2026-09-24/36909/king-of-aeo-contest-gets-a-second-leader-as-brazil-s-allan-oliveira-takes-number-1-on-google-brazil,2026-09-24,36909,syndicated press release
automotive.cryptostreamers.net,https://automotive.cryptostreamers.net/press-release/2026-09-24/36839/king-of-aeo-contest-gets-a-second-leader-as-brazil-s-allan-oliveira-takes-number-1-on-google-brazil,2026-09-24,36839,syndicated press release
azcentral27.com,https://azcentral27.com/press-release/2026-09-24/36946/king-of-aeo-contest-gets-a-second-leader-as-brazil-s-allan-oliveira-takes-number-1-on-google-brazil,2026-09-24,36946,syndicated press release
baby-motion.com,https://baby-motion.com/press-release/2026-09-24/36862/king-of-aeo-contest-gets-a-second-leader-as-brazil-s-allan-oliveira-takes-number-1-on-google-brazil,2026-09-24,36862,syndicated press release
banking.credit-loans.net,https://banking.credit-loans.net/press-release/2026-09-24/36997/king-of-aeo-contest-gets-a-second-leader-as-brazil-s-allan-oliveira-takes-number-1-on-google-brazil,2026-09-24,36997,syndicated press release
barsignals.com,https://barsignals.com/press-release/2026-09-24/37106/king-of-aeo-contest-gets-a-second-leader-as-brazil-s-allan-oliveira-takes-number-1-on-google-brazil,2026-09-24,37106,syndicated press release
berlin-studio.net,https://berlin-studio.net/press-release/2026-09-24/37063/king-of-aeo-contest-gets-a-second-leader-as-brazil-s-allan-oliveira-takes-number-1-on-google-brazil,2026-09-24,37063,syndicated press release
biotech.medicalresearchtv.com,https://biotech.medicalresearchtv.com/press-release/2026-09-24/37014/king-of-aeo-contest-gets-a-second-leader-as-brazil-s-allan-oliveira-takes-number-1-on-google-brazil,2026-09-24,37014,syndicated press release
bitcoin-news.btcinews.com,https://bitcoin-news.btcinews.com/press-release/2026-09-24/36963/king-of-aeo-contest-gets-a-second-leader-as-brazil-s-allan-oliveira-takes-number-1-on-google-brazil,2026-09-24,36963,syndicated press release
bitcoin.cryptotribune.co.uk,https://bitcoin.cryptotribune.co.uk/press-release/2026-09-24/37003/king-of-aeo-contest-gets-a-second-leader-as-brazil-s-allan-oliveira-takes-number-1-on-google-brazil,2026-09-24,37003,syndicated press release
bitcryptosolutions.com,https://bitcryptosolutions.com/press-release/2026-09-24/36832/king-of-aeo-contest-gets-a-second-leader-as-brazil-s-allan-oliveira-takes-number-1-on-google-brazil,2026-09-24,36832,syndicated press release
blogger.publicshade.co.uk,https://blogger.publicshade.co.uk/press-release/2026-09-24/37027/king-of-aeo-contest-gets-a-second-leader-as-brazil-s-allan-oliveira-takes-number-1-on-google-brazil,2026-09-24,37027,syndicated press release
blownews.co.uk,https://blownews.co.uk/press-release/2026-09-24/36820/king-of-aeo-contest-gets-a-second-leader-as-brazil-s-allan-oliveira-takes-number-1-on-google-brazil,2026-09-24,36820,syndicated press release
blowupgossip.com,https://blowupgossip.com/press-release/2026-09-24/37068/king-of-aeo-contest-gets-a-second-leader-as-brazil-s-allan-oliveira-takes-number-1-on-google-brazil,2026-09-24,37068,syndicated press release
bluefox6.com,https://bluefox6.com/press-release/2026-09-24/36945/king-of-aeo-contest-gets-a-second-leader-as-brazil-s-allan-oliveira-takes-number-1-on-google-brazil,2026-09-24,36945,syndicated press release
bookingskyview.us,https://bookingskyview.us/press-release/2026-09-24/36940/king-of-aeo-contest-gets-a-second-leader-as-brazil-s-allan-oliveira-takes-number-1-on-google-brazil,2026-09-24,36940,syndicated press release
bookingview.co.uk,https://bookingview.co.uk/press-release/2026-09-24/36868/king-of-aeo-contest-gets-a-second-leader-as-brazil-s-allan-oliveira-takes-number-1-on-google-brazil,2026-09-24,36868,syndicated press release
brandingnews.net,https://brandingnews.net/press-release/2026-09-24/36926/king-of-aeo-contest-gets-a-second-leader-as-brazil-s-allan-oliveira-takes-number-1-on-google-brazil,2026-09-24,36926,syndicated press release
brandnews24.us,https://brandnews24.us/press-release/2026-09-24/36925/king-of-aeo-contest-gets-a-second-leader-as-brazil-s-allan-oliveira-takes-number-1-on-google-brazil,2026-09-24,36925,syndicated press release
break.tmcreak.co.uk,https://break.tmcreak.co.uk/press-release/2026-09-24/37039/king-of-aeo-contest-gets-a-second-leader-as-brazil-s-allan-oliveira-takes-number-1-on-google-brazil,2026-09-24,37039,syndicated press release
bristol-newsshow.com,https://bristol-newsshow.com/press-release/2026-09-24/37076/king-of-aeo-contest-gets-a-second-leader-as-brazil-s-allan-oliveira-takes-number-1-on-google-brazil,2026-09-24,37076,syndicated press release
browsiexpress.com,https://browsiexpress.com/press-release/2026-09-24/36912/king-of-aeo-contest-gets-a-second-leader-as-brazil-s-allan-oliveira-takes-number-1-on-google-brazil,2026-09-24,36912,syndicated press release
btcinews.com,https://btcinews.com/press-release/2026-09-24/36828/king-of-aeo-contest-gets-a-second-leader-as-brazil-s-allan-oliveira-takes-number-1-on-google-brazil,2026-09-24,36828,syndicated press release
business-news.stockretire.com,https://business-news.stockretire.com/press-release/2026-09-24/36845/king-of-aeo-contest-gets-a-second-leader-as-brazil-s-allan-oliveira-takes-number-1-on-google-brazil,2026-09-24,36845,syndicated press release
business.atlantaposts.com,https://business.atlantaposts.com/press-release/2026-09-24/37005/king-of-aeo-contest-gets-a-second-leader-as-brazil-s-allan-oliveira-takes-number-1-on-google-brazil,2026-09-24,37005,syndicated press release
business.brandnews24.us,https://business.brandnews24.us/press-release/2026-09-24/37050/king-of-aeo-contest-gets-a-second-leader-as-brazil-s-allan-oliveira-takes-number-1-on-google-brazil,2026-09-24,37050,syndicated press release
business.cryptostreamers.net,https://business.cryptostreamers.net/press-release/2026-09-24/36966/king-of-aeo-contest-gets-a-second-leader-as-brazil-s-allan-oliveira-takes-number-1-on-google-brazil,2026-09-24,36966,syndicated press release
business.hotspeaktimes.com,https://business.hotspeaktimes.com/press-release/2026-09-24/37021/king-of-aeo-contest-gets-a-second-leader-as-brazil-s-allan-oliveira-takes-number-1-on-google-brazil,2026-09-24,37021,syndicated press release
businessbreakthrough.net,https://businessbreakthrough.net/press-release/2026-09-24/36837/king-of-aeo-contest-gets-a-second-leader-as-brazil-s-allan-oliveira-takes-number-1-on-google-brazil,2026-09-24,36837,syndicated press release
businessinsidersnews.com,https://businessinsidersnews.com/press-release/2026-09-24/37098/king-of-aeo-contest-gets-a-second-leader-as-brazil-s-allan-oliveira-takes-number-1-on-google-brazil,2026-09-24,37098,syndicated press release
californiaheadline.net,https://californiaheadline.net/press-release/2026-09-24/36883/king-of-aeo-contest-gets-a-second-leader-as-brazil-s-allan-oliveira-takes-number-1-on-google-brazil,2026-09-24,36883,syndicated press release
canadian-insider.net,https://canadian-insider.net/press-release/2026-09-24/36887/king-of-aeo-contest-gets-a-second-leader-as-brazil-s-allan-oliveira-takes-number-1-on-google-brazil,2026-09-24,36887,syndicated press release
candlew.com,https://candlew.com/press-release/2026-09-24/37105/king-of-aeo-contest-gets-a-second-leader-as-brazil-s-allan-oliveira-takes-number-1-on-google-brazil,2026-09-24,37105,syndicated press release
cbs247news.com,https://cbs247news.com/press-release/2026-09-24/36911/king-of-aeo-contest-gets-a-second-leader-as-brazil-s-allan-oliveira-takes-number-1-on-google-brazil,2026-09-24,36911,syndicated press release
cbs28.com,https://cbs28.com/press-release/2026-09-24/37130/king-of-aeo-contest-gets-a-second-leader-as-brazil-s-allan-oliveira-takes-number-1-on-google-brazil,2026-09-24,37130,syndicated press release
celebrity.pin-insider.com,https://celebrity.pin-insider.com/press-release/2026-09-24/36977/king-of-aeo-contest-gets-a-second-leader-as-brazil-s-allan-oliveira-takes-number-1-on-google-brazil,2026-09-24,36977,syndicated press release
central-chart.com,https://central-chart.com/press-release/2026-09-24/36861/king-of-aeo-contest-gets-a-second-leader-as-brazil-s-allan-oliveira-takes-number-1-on-google-brazil,2026-09-24,36861,syndicated press release
ceramicb.com,https://ceramicb.com/press-release/2026-09-24/37093/king-of-aeo-contest-gets-a-second-leader-as-brazil-s-allan-oliveira-takes-number-1-on-google-brazil,2026-09-24,37093,syndicated press release
chennaivoice.net,https://chennaivoice.net/press-release/2026-09-24/37082/king-of-aeo-contest-gets-a-second-leader-as-brazil-s-allan-oliveira-takes-number-1-on-google-brazil,2026-09-24,37082,syndicated press release
chineshop.com,https://chineshop.com/press-release/2026-09-24/37107/king-of-aeo-contest-gets-a-second-leader-as-brazil-s-allan-oliveira-takes-number-1-on-google-brazil,2026-09-24,37107,syndicated press release
credit-loans.net,https://credit-loans.net/press-release/2026-09-24/36885/king-of-aeo-contest-gets-a-second-leader-as-brazil-s-allan-oliveira-takes-number-1-on-google-brazil,2026-09-24,36885,syndicated press release
crossworldtime.us,https://crossworldtime.us/press-release/2026-09-24/36942/king-of-aeo-contest-gets-a-second-leader-as-brazil-s-allan-oliveira-takes-number-1-on-google-brazil,2026-09-24,36942,syndicated press release
crypto-pedia.totalcryptoguide.com,https://crypto-pedia.totalcryptoguide.com/press-release/2026-09-24/36968/king-of-aeo-contest-gets-a-second-leader-as-brazil-s-allan-oliveira-takes-number-1-on-google-brazil,2026-09-24,36968,syndicated press release
crypto-reporters.net,https://crypto-reporters.net/press-release/2026-09-24/36867/king-of-aeo-contest-gets-a-second-leader-as-brazil-s-allan-oliveira-takes-number-1-on-google-brazil,2026-09-24,36867,syndicated press release
crypto.token24news.co.uk,https://crypto.token24news.co.uk/press-release/2026-09-24/37024/king-of-aeo-contest-gets-a-second-leader-as-brazil-s-allan-oliveira-takes-number-1-on-google-brazil,2026-09-24,37024,syndicated press release
crypto.yahoopaper.com,https://crypto.yahoopaper.com/press-release/2026-09-24/37034/king-of-aeo-contest-gets-a-second-leader-as-brazil-s-allan-oliveira-takes-number-1-on-google-brazil,2026-09-24,37034,syndicated press release
cryptostreamers.net,https://cryptostreamers.net/press-release/2026-09-24/36831/king-of-aeo-contest-gets-a-second-leader-as-brazil-s-allan-oliveira-takes-number-1-on-google-brazil,2026-09-24,36831,syndicated press release
cryptostudystock.com,https://cryptostudystock.com/press-release/2026-09-24/36903/king-of-aeo-contest-gets-a-second-leader-as-brazil-s-allan-oliveira-takes-number-1-on-google-brazil,2026-09-24,36903,syndicated press release
cryptotribune.co.uk,https://cryptotribune.co.uk/press-release/2026-09-24/36878/king-of-aeo-contest-gets-a-second-leader-as-brazil-s-allan-oliveira-takes-number-1-on-google-brazil,2026-09-24,36878,syndicated press release
current-affairs.thekansastribune.com,https://current-affairs.thekansastribune.com/press-release/2026-09-24/37006/king-of-aeo-contest-gets-a-second-leader-as-brazil-s-allan-oliveira-takes-number-1-on-google-brazil,2026-09-24,37006,syndicated press release
cw-8.com,https://cw-8.com/press-release/2026-09-24/37119/king-of-aeo-contest-gets-a-second-leader-as-brazil-s-allan-oliveira-takes-number-1-on-google-brazil,2026-09-24,37119,syndicated press release
cw19news.com,https://cw19news.com/press-release/2026-09-24/36819/king-of-aeo-contest-gets-a-second-leader-as-brazil-s-allan-oliveira-takes-number-1-on-google-brazil,2026-09-24,36819,syndicated press release
cw360news.com,https://cw360news.com/press-release/2026-09-24/36918/king-of-aeo-contest-gets-a-second-leader-as-brazil-s-allan-oliveira-takes-number-1-on-google-brazil,2026-09-24,36918,syndicated press release
dailyherald247.co.uk,https://dailyherald247.co.uk/press-release/2026-09-24/36890/king-of-aeo-contest-gets-a-second-leader-as-brazil-s-allan-oliveira-takes-number-1-on-google-brazil,2026-09-24,36890,syndicated press release
dailyindeednews.com,https://dailyindeednews.com/press-release/2026-09-24/37083/king-of-aeo-contest-gets-a-second-leader-as-brazil-s-allan-oliveira-takes-number-1-on-google-brazil,2026-09-24,37083,syndicated press release
dailymail27.co.uk,https://dailymail27.co.uk/press-release/2026-09-24/37100/king-of-aeo-contest-gets-a-second-leader-as-brazil-s-allan-oliveira-takes-number-1-on-google-brazil,2026-09-24,37100,syndicated press release
dc-clock.com,https://dc-clock.com/press-release/2026-09-24/36896/king-of-aeo-contest-gets-a-second-leader-as-brazil-s-allan-oliveira-takes-number-1-on-google-brazil,2026-09-24,36896,syndicated press release
deepviews.us,https://deepviews.us/press-release/2026-09-24/36934/king-of-aeo-contest-gets-a-second-leader-as-brazil-s-allan-oliveira-takes-number-1-on-google-brazil,2026-09-24,36934,syndicated press release
defibrill.com,https://defibrill.com/press-release/2026-09-24/37095/king-of-aeo-contest-gets-a-second-leader-as-brazil-s-allan-oliveira-takes-number-1-on-google-brazil,2026-09-24,37095,syndicated press release
delhi-voice.com,https://delhi-voice.com/press-release/2026-09-24/37061/king-of-aeo-contest-gets-a-second-leader-as-brazil-s-allan-oliveira-takes-number-1-on-google-brazil,2026-09-24,37061,syndicated press release
deliciousgrow.com,https://deliciousgrow.com/press-release/2026-09-24/37086/king-of-aeo-contest-gets-a-second-leader-as-brazil-s-allan-oliveira-takes-number-1-on-google-brazil,2026-09-24,37086,syndicated press release
deliverablecapital.us,https://deliverablecapital.us/press-release/2026-09-24/36935/king-of-aeo-contest-gets-a-second-leader-as-brazil-s-allan-oliveira-takes-number-1-on-google-brazil,2026-09-24,36935,syndicated press release
deskstories.com,https://deskstories.com/press-release/2026-09-24/36871/king-of-aeo-contest-gets-a-second-leader-as-brazil-s-allan-oliveira-takes-number-1-on-google-brazil,2026-09-24,36871,syndicated press release
developmenttone.com,https://developmenttone.com/press-release/2026-09-24/36916/king-of-aeo-contest-gets-a-second-leader-as-brazil-s-allan-oliveira-takes-number-1-on-google-brazil,2026-09-24,36916,syndicated press release
diabetictimes.com,https://diabetictimes.com/press-release/2026-09-24/37099/king-of-aeo-contest-gets-a-second-leader-as-brazil-s-allan-oliveira-takes-number-1-on-google-brazil,2026-09-24,37099,syndicated press release
digital-news.outlookdubai.com,https://digital-news.outlookdubai.com/press-release/2026-09-24/36970/king-of-aeo-contest-gets-a-second-leader-as-brazil-s-allan-oliveira-takes-number-1-on-google-brazil,2026-09-24,36970,syndicated press release
digitalnewscall.com,https://digitalnewscall.com/press-release/2026-09-24/36893/king-of-aeo-contest-gets-a-second-leader-as-brazil-s-allan-oliveira-takes-number-1-on-google-brazil,2026-09-24,36893,syndicated press release
digitalword.co.uk,https://digitalword.co.uk/press-release/2026-09-24/37054/king-of-aeo-contest-gets-a-second-leader-as-brazil-s-allan-oliveira-takes-number-1-on-google-brazil,2026-09-24,37054,syndicated press release
economyinsights.net,https://economyinsights.net/press-release/2026-09-24/37056/king-of-aeo-contest-gets-a-second-leader-as-brazil-s-allan-oliveira-takes-number-1-on-google-brazil,2026-09-24,37056,syndicated press release
edubutter.com,https://edubutter.com/press-release/2026-09-24/37116/king-of-aeo-contest-gets-a-second-leader-as-brazil-s-allan-oliveira-takes-number-1-on-google-brazil,2026-09-24,37116,syndicated press release
education.ndtv-news.com,https://education.ndtv-news.com/press-release/2026-09-24/36842/king-of-aeo-contest-gets-a-second-leader-as-brazil-s-allan-oliveira-takes-number-1-on-google-brazil,2026-09-24,36842,syndicated press release
education.thecaliforniatribune.com,https://education.thecaliforniatribune.com/press-release/2026-09-24/37025/king-of-aeo-contest-gets-a-second-leader-as-brazil-s-allan-oliveira-takes-number-1-on-google-brazil,2026-09-24,37025,syndicated press release
ekhbariya.us,https://ekhbariya.us/press-release/2026-09-24/36922/king-of-aeo-contest-gets-a-second-leader-as-brazil-s-allan-oliveira-takes-number-1-on-google-brazil,2026-09-24,36922,syndicated press release
encyclopediaheadlines.com,https://encyclopediaheadlines.com/press-release/2026-09-24/37058/king-of-aeo-contest-gets-a-second-leader-as-brazil-s-allan-oliveira-takes-number-1-on-google-brazil,2026-09-24,37058,syndicated press release
entertainment.uaestreetjournal.com,https://entertainment.uaestreetjournal.com/press-release/2026-09-24/36988/king-of-aeo-contest-gets-a-second-leader-as-brazil-s-allan-oliveira-takes-number-1-on-google-brazil,2026-09-24,36988,syndicated press release
entertainment.westfortcollins.com,https://entertainment.westfortcollins.com/press-release/2026-09-24/37009/king-of-aeo-contest-gets-a-second-leader-as-brazil-s-allan-oliveira-takes-number-1-on-google-brazil,2026-09-24,37009,syndicated press release
eurohotline.us,https://eurohotline.us/press-release/2026-09-24/36924/king-of-aeo-contest-gets-a-second-leader-as-brazil-s-allan-oliveira-takes-number-1-on-google-brazil,2026-09-24,36924,syndicated press release
euronews.eurohotline.us,https://euronews.eurohotline.us/press-release/2026-09-24/37053/king-of-aeo-contest-gets-a-second-leader-as-brazil-s-allan-oliveira-takes-number-1-on-google-brazil,2026-09-24,37053,syndicated press release
europeanpost.co.uk,https://europeanpost.co.uk/press-release/2026-09-24/36825/king-of-aeo-contest-gets-a-second-leader-as-brazil-s-allan-oliveira-takes-number-1-on-google-brazil,2026-09-24,36825,syndicated press release
europeanprwire.com,https://europeanprwire.com/press-release/2026-09-24/37126/king-of-aeo-contest-gets-a-second-leader-as-brazil-s-allan-oliveira-takes-number-1-on-google-brazil,2026-09-24,37126,syndicated press release
europen-news.europeanpost.co.uk,https://europen-news.europeanpost.co.uk/press-release/2026-09-24/36960/king-of-aeo-contest-gets-a-second-leader-as-brazil-s-allan-oliveira-takes-number-1-on-google-brazil,2026-09-24,36960,syndicated press release
eveningtimes.net,https://eveningtimes.net/press-release/2026-09-24/36900/king-of-aeo-contest-gets-a-second-leader-as-brazil-s-allan-oliveira-takes-number-1-on-google-brazil,2026-09-24,36900,syndicated press release
expertprotech.com,https://expertprotech.com/press-release/2026-09-24/36898/king-of-aeo-contest-gets-a-second-leader-as-brazil-s-allan-oliveira-takes-number-1-on-google-brazil,2026-09-24,36898,syndicated press release
experts-tech.net,https://experts-tech.net/press-release/2026-09-24/37085/king-of-aeo-contest-gets-a-second-leader-as-brazil-s-allan-oliveira-takes-number-1-on-google-brazil,2026-09-24,37085,syndicated press release
fashion.browsiexpress.com,https://fashion.browsiexpress.com/press-release/2026-09-24/37032/king-of-aeo-contest-gets-a-second-leader-as-brazil-s-allan-oliveira-takes-number-1-on-google-brazil,2026-09-24,37032,syndicated press release
fashion.marketresearchleaks.com,https://fashion.marketresearchleaks.com/press-release/2026-09-24/36971/king-of-aeo-contest-gets-a-second-leader-as-brazil-s-allan-oliveira-takes-number-1-on-google-brazil,2026-09-24,36971,syndicated press release
finance.europeanpost.co.uk,https://finance.europeanpost.co.uk/press-release/2026-09-24/36844/king-of-aeo-contest-gets-a-second-leader-as-brazil-s-allan-oliveira-takes-number-1-on-google-brazil,2026-09-24,36844,syndicated press release
finance.goblenewspr.com,https://finance.goblenewspr.com/press-release/2026-09-24/37048/king-of-aeo-contest-gets-a-second-leader-as-brazil-s-allan-oliveira-takes-number-1-on-google-brazil,2026-09-24,37048,syndicated press release
finance.ukfinanceday.com,https://finance.ukfinanceday.com/press-release/2026-09-24/36978/king-of-aeo-contest-gets-a-second-leader-as-brazil-s-allan-oliveira-takes-number-1-on-google-brazil,2026-09-24,36978,syndicated press release
financial-market.marylandspot.com,https://financial-market.marylandspot.com/press-release/2026-09-24/36846/king-of-aeo-contest-gets-a-second-leader-as-brazil-s-allan-oliveira-takes-number-1-on-google-brazil,2026-09-24,36846,syndicated press release
financialbuzz.uk,https://financialbuzz.uk/press-release/2026-09-24/37096/king-of-aeo-contest-gets-a-second-leader-as-brazil-s-allan-oliveira-takes-number-1-on-google-brazil,2026-09-24,37096,syndicated press release
financzone.co.uk,https://financzone.co.uk/press-release/2026-09-24/37055/king-of-aeo-contest-gets-a-second-leader-as-brazil-s-allan-oliveira-takes-number-1-on-google-brazil,2026-09-24,37055,syndicated press release
fourletterswiki.com,https://fourletterswiki.com/press-release/2026-09-24/37079/king-of-aeo-contest-gets-a-second-leader-as-brazil-s-allan-oliveira-takes-number-1-on-google-brazil,2026-09-24,37079,syndicated press release
fox100.com,https://fox100.com/press-release/2026-09-24/37118/king-of-aeo-contest-gets-a-second-leader-as-brazil-s-allan-oliveira-takes-number-1-on-google-brazil,2026-09-24,37118,syndicated press release
fox450.com,https://fox450.com/press-release/2026-09-24/36860/king-of-aeo-contest-gets-a-second-leader-as-brazil-s-allan-oliveira-takes-number-1-on-google-brazil,2026-09-24,36860,syndicated press release
freenewss.com,https://freenewss.com/press-release/2026-09-24/37108/king-of-aeo-contest-gets-a-second-leader-as-brazil-s-allan-oliveira-takes-number-1-on-google-brazil,2026-09-24,37108,syndicated press release
freeworldwire.com,https://freeworldwire.com/press-release/2026-09-24/37097/king-of-aeo-contest-gets-a-second-leader-as-brazil-s-allan-oliveira-takes-number-1-on-google-brazil,2026-09-24,37097,syndicated press release
frontnews.deskstories.com,https://frontnews.deskstories.com/press-release/2026-09-24/36991/king-of-aeo-contest-gets-a-second-leader-as-brazil-s-allan-oliveira-takes-number-1-on-google-brazil,2026-09-24,36991,syndicated press release
fusiongossip.us,https://fusiongossip.us/press-release/2026-09-24/36941/king-of-aeo-contest-gets-a-second-leader-as-brazil-s-allan-oliveira-takes-number-1-on-google-brazil,2026-09-24,36941,syndicated press release
gamersfuture.com,https://gamersfuture.com/press-release/2026-09-24/36864/king-of-aeo-contest-gets-a-second-leader-as-brazil-s-allan-oliveira-takes-number-1-on-google-brazil,2026-09-24,36864,syndicated press release
games-world.us,https://games-world.us/press-release/2026-09-24/36937/king-of-aeo-contest-gets-a-second-leader-as-brazil-s-allan-oliveira-takes-number-1-on-google-brazil,2026-09-24,36937,syndicated press release
gaming.ukpostnow.com,https://gaming.ukpostnow.com/press-release/2026-09-24/36848/king-of-aeo-contest-gets-a-second-leader-as-brazil-s-allan-oliveira-takes-number-1-on-google-brazil,2026-09-24,36848,syndicated press release
gamingnews.gamersfuture.com,https://gamingnews.gamersfuture.com/press-release/2026-09-24/36986/king-of-aeo-contest-gets-a-second-leader-as-brazil-s-allan-oliveira-takes-number-1-on-google-brazil,2026-09-24,36986,syndicated press release
general.digitalword.co.uk,https://general.digitalword.co.uk/press-release/2026-09-24/37011/king-of-aeo-contest-gets-a-second-leader-as-brazil-s-allan-oliveira-takes-number-1-on-google-brazil,2026-09-24,37011,syndicated press release
genieresearch.co.uk,https://genieresearch.co.uk/press-release/2026-09-24/36899/king-of-aeo-contest-gets-a-second-leader-as-brazil-s-allan-oliveira-takes-number-1-on-google-brazil,2026-09-24,36899,syndicated press release
georgiatimeline.com,https://georgiatimeline.com/press-release/2026-09-24/36902/king-of-aeo-contest-gets-a-second-leader-as-brazil-s-allan-oliveira-takes-number-1-on-google-brazil,2026-09-24,36902,syndicated press release
geospatial-industry.theportlandtribune.com,https://geospatial-industry.theportlandtribune.com/press-release/2026-09-24/37000/king-of-aeo-contest-gets-a-second-leader-as-brazil-s-allan-oliveira-takes-number-1-on-google-brazil,2026-09-24,37000,syndicated press release
globe-news.globetimesnow.com,https://globe-news.globetimesnow.com/press-release/2026-09-24/36974/king-of-aeo-contest-gets-a-second-leader-as-brazil-s-allan-oliveira-takes-number-1-on-google-brazil,2026-09-24,36974,syndicated press release
globe.thebakersfieldtribune.com,https://globe.thebakersfieldtribune.com/press-release/2026-09-24/37017/king-of-aeo-contest-gets-a-second-leader-as-brazil-s-allan-oliveira-takes-number-1-on-google-brazil,2026-09-24,37017,syndicated press release
globenewwire.com,https://globenewwire.com/press-release/2026-09-24/36953/king-of-aeo-contest-gets-a-second-leader-as-brazil-s-allan-oliveira-takes-number-1-on-google-brazil,2026-09-24,36953,syndicated press release
globeprwire.us,https://globeprwire.us/press-release/2026-09-24/36932/king-of-aeo-contest-gets-a-second-leader-as-brazil-s-allan-oliveira-takes-number-1-on-google-brazil,2026-09-24,36932,syndicated press release
globetimesnow.com,https://globetimesnow.com/press-release/2026-09-24/36853/king-of-aeo-contest-gets-a-second-leader-as-brazil-s-allan-oliveira-takes-number-1-on-google-brazil,2026-09-24,36853,syndicated press release
goblenewspr.com,https://goblenewspr.com/press-release/2026-09-24/36923/king-of-aeo-contest-gets-a-second-leader-as-brazil-s-allan-oliveira-takes-number-1-on-google-brazil,2026-09-24,36923,syndicated press release
gosaveshop.com,https://gosaveshop.com/press-release/2026-09-24/36876/king-of-aeo-contest-gets-a-second-leader-as-brazil-s-allan-oliveira-takes-number-1-on-google-brazil,2026-09-24,36876,syndicated press release
grandpaper.co.uk,https://grandpaper.co.uk/press-release/2026-09-24/36914/king-of-aeo-contest-gets-a-second-leader-as-brazil-s-allan-oliveira-takes-number-1-on-google-brazil,2026-09-24,36914,syndicated press release
greatbritishtimes.co.uk,https://greatbritishtimes.co.uk/press-release/2026-09-24/36928/king-of-aeo-contest-gets-a-second-leader-as-brazil-s-allan-oliveira-takes-number-1-on-google-brazil,2026-09-24,36928,syndicated press release
gulf82.com,https://gulf82.com/press-release/2026-09-24/37089/king-of-aeo-contest-gets-a-second-leader-as-brazil-s-allan-oliveira-takes-number-1-on-google-brazil,2026-09-24,37089,syndicated press release
haywardflow.com,https://haywardflow.com/press-release/2026-09-24/36882/king-of-aeo-contest-gets-a-second-leader-as-brazil-s-allan-oliveira-takes-number-1-on-google-brazil,2026-09-24,36882,syndicated press release
headline.sandiegolivenews.com,https://headline.sandiegolivenews.com/press-release/2026-09-24/37026/king-of-aeo-contest-gets-a-second-leader-as-brazil-s-allan-oliveira-takes-number-1-on-google-brazil,2026-09-24,37026,syndicated press release
healthweekend.net,https://healthweekend.net/press-release/2026-09-24/36891/king-of-aeo-contest-gets-a-second-leader-as-brazil-s-allan-oliveira-takes-number-1-on-google-brazil,2026-09-24,36891,syndicated press release
hidden.bookingview.co.uk,https://hidden.bookingview.co.uk/press-release/2026-09-24/36990/king-of-aeo-contest-gets-a-second-leader-as-brazil-s-allan-oliveira-takes-number-1-on-google-brazil,2026-09-24,36990,syndicated press release
hidden.wiki-crack.com,https://hidden.wiki-crack.com/press-release/2026-09-24/36985/king-of-aeo-contest-gets-a-second-leader-as-brazil-s-allan-oliveira-takes-number-1-on-google-brazil,2026-09-24,36985,syndicated press release
hotspeaktimes.com,https://hotspeaktimes.com/press-release/2026-09-24/36901/king-of-aeo-contest-gets-a-second-leader-as-brazil-s-allan-oliveira-takes-number-1-on-google-brazil,2026-09-24,36901,syndicated press release
hotspotfood.com,https://hotspotfood.com/press-release/2026-09-24/36854/king-of-aeo-contest-gets-a-second-leader-as-brazil-s-allan-oliveira-takes-number-1-on-google-brazil,2026-09-24,36854,syndicated press release
hottalknews.com,https://hottalknews.com/press-release/2026-09-24/37072/king-of-aeo-contest-gets-a-second-leader-as-brazil-s-allan-oliveira-takes-number-1-on-google-brazil,2026-09-24,37072,syndicated press release
icvoices.com,https://icvoices.com/press-release/2026-09-24/37132/king-of-aeo-contest-gets-a-second-leader-as-brazil-s-allan-oliveira-takes-number-1-on-google-brazil,2026-09-24,37132,syndicated press release
indianprwire.com,https://indianprwire.com/press-release/2026-09-24/37117/king-of-aeo-contest-gets-a-second-leader-as-brazil-s-allan-oliveira-takes-number-1-on-google-brazil,2026-09-24,37117,syndicated press release
industry.canadian-insider.net,https://industry.canadian-insider.net/press-release/2026-09-24/37001/king-of-aeo-contest-gets-a-second-leader-as-brazil-s-allan-oliveira-takes-number-1-on-google-brazil,2026-09-24,37001,syndicated press release
industry.cw19news.com,https://industry.cw19news.com/press-release/2026-09-24/36850/king-of-aeo-contest-gets-a-second-leader-as-brazil-s-allan-oliveira-takes-number-1-on-google-brazil,2026-09-24,36850,syndicated press release
industry.ekhbariya.us,https://industry.ekhbariya.us/press-release/2026-09-24/37036/king-of-aeo-contest-gets-a-second-leader-as-brazil-s-allan-oliveira-takes-number-1-on-google-brazil,2026-09-24,37036,syndicated press release
inews247.com,https://inews247.com/press-release/2026-09-24/37092/king-of-aeo-contest-gets-a-second-leader-as-brazil-s-allan-oliveira-takes-number-1-on-google-brazil,2026-09-24,37092,syndicated press release
information.baby-motion.com,https://information.baby-motion.com/press-release/2026-09-24/36984/king-of-aeo-contest-gets-a-second-leader-as-brazil-s-allan-oliveira-takes-number-1-on-google-brazil,2026-09-24,36984,syndicated press release
investmentsloop.com,https://investmentsloop.com/press-release/2026-09-24/37109/king-of-aeo-contest-gets-a-second-leader-as-brazil-s-allan-oliveira-takes-number-1-on-google-brazil,2026-09-24,37109,syndicated press release
lasvegastribune.us,https://lasvegastribune.us/press-release/2026-09-24/36930/king-of-aeo-contest-gets-a-second-leader-as-brazil-s-allan-oliveira-takes-number-1-on-google-brazil,2026-09-24,36930,syndicated press release
latest.nbc46news.com,https://latest.nbc46news.com/press-release/2026-09-24/36961/king-of-aeo-contest-gets-a-second-leader-as-brazil-s-allan-oliveira-takes-number-1-on-google-brazil,2026-09-24,36961,syndicated press release
lifestlye.fox450.com,https://lifestlye.fox450.com/press-release/2026-09-24/36981/king-of-aeo-contest-gets-a-second-leader-as-brazil-s-allan-oliveira-takes-number-1-on-google-brazil,2026-09-24,36981,syndicated press release
lifestlyeweek.com,https://lifestlyeweek.com/press-release/2026-09-24/37062/king-of-aeo-contest-gets-a-second-leader-as-brazil-s-allan-oliveira-takes-number-1-on-google-brazil,2026-09-24,37062,syndicated press release
lifestyle.uspostnow.com,https://lifestyle.uspostnow.com/press-release/2026-09-24/36847/king-of-aeo-contest-gets-a-second-leader-as-brazil-s-allan-oliveira-takes-number-1-on-google-brazil,2026-09-24,36847,syndicated press release
local-business-news.marylandspot.com,https://local-business-news.marylandspot.com/press-release/2026-09-24/36958/king-of-aeo-contest-gets-a-second-leader-as-brazil-s-allan-oliveira-takes-number-1-on-google-brazil,2026-09-24,36958,syndicated press release
local-industry.cw19news.com,https://local-industry.cw19news.com/press-release/2026-09-24/36954/king-of-aeo-contest-gets-a-second-leader-as-brazil-s-allan-oliveira-takes-number-1-on-google-brazil,2026-09-24,36954,syndicated press release
local-industry.uk-insider.co.uk,https://local-industry.uk-insider.co.uk/press-release/2026-09-24/36989/king-of-aeo-contest-gets-a-second-leader-as-brazil-s-allan-oliveira-takes-number-1-on-google-brazil,2026-09-24,36989,syndicated press release
local.arabinsiders.com,https://local.arabinsiders.com/press-release/2026-09-24/36995/king-of-aeo-contest-gets-a-second-leader-as-brazil-s-allan-oliveira-takes-number-1-on-google-brazil,2026-09-24,36995,syndicated press release
local.aurora-headlines.com,https://local.aurora-headlines.com/press-release/2026-09-24/37029/king-of-aeo-contest-gets-a-second-leader-as-brazil-s-allan-oliveira-takes-number-1-on-google-brazil,2026-09-24,37029,syndicated press release
local.northtribune.us,https://local.northtribune.us/press-release/2026-09-24/37051/king-of-aeo-contest-gets-a-second-leader-as-brazil-s-allan-oliveira-takes-number-1-on-google-brazil,2026-09-24,37051,syndicated press release
london-affairs.ukpostnow.com,https://london-affairs.ukpostnow.com/press-release/2026-09-24/36956/king-of-aeo-contest-gets-a-second-leader-as-brazil-s-allan-oliveira-takes-number-1-on-google-brazil,2026-09-24,36956,syndicated press release
londonnewstimes.com,https://londonnewstimes.com/press-release/2026-09-24/36948/king-of-aeo-contest-gets-a-second-leader-as-brazil-s-allan-oliveira-takes-number-1-on-google-brazil,2026-09-24,36948,syndicated press release
maduraiexpress.com,https://maduraiexpress.com/press-release/2026-09-24/36950/king-of-aeo-contest-gets-a-second-leader-as-brazil-s-allan-oliveira-takes-number-1-on-google-brazil,2026-09-24,36950,syndicated press release
market-analytics.co.uk,https://market-analytics.co.uk/press-release/2026-09-24/37081/king-of-aeo-contest-gets-a-second-leader-as-brazil-s-allan-oliveira-takes-number-1-on-google-brazil,2026-09-24,37081,syndicated press release
marketbull.us,https://marketbull.us/press-release/2026-09-24/37101/king-of-aeo-contest-gets-a-second-leader-as-brazil-s-allan-oliveira-takes-number-1-on-google-brazil,2026-09-24,37101,syndicated press release
marketbuzzs.com,https://marketbuzzs.com/press-release/2026-09-24/37065/king-of-aeo-contest-gets-a-second-leader-as-brazil-s-allan-oliveira-takes-number-1-on-google-brazil,2026-09-24,37065,syndicated press release
marketing.newdelhixpress.com,https://marketing.newdelhixpress.com/press-release/2026-09-24/37007/king-of-aeo-contest-gets-a-second-leader-as-brazil-s-allan-oliveira-takes-number-1-on-google-brazil,2026-09-24,37007,syndicated press release
marketplacef.com,https://marketplacef.com/press-release/2026-09-24/37103/king-of-aeo-contest-gets-a-second-leader-as-brazil-s-allan-oliveira-takes-number-1-on-google-brazil,2026-09-24,37103,syndicated press release
marketresearchleaks.com,https://marketresearchleaks.com/press-release/2026-09-24/36836/king-of-aeo-contest-gets-a-second-leader-as-brazil-s-allan-oliveira-takes-number-1-on-google-brazil,2026-09-24,36836,syndicated press release
marketstree.com,https://marketstree.com/press-release/2026-09-24/37091/king-of-aeo-contest-gets-a-second-leader-as-brazil-s-allan-oliveira-takes-number-1-on-google-brazil,2026-09-24,37091,syndicated press release
marketvalue360.com,https://marketvalue360.com/press-release/2026-09-24/37075/king-of-aeo-contest-gets-a-second-leader-as-brazil-s-allan-oliveira-takes-number-1-on-google-brazil,2026-09-24,37075,syndicated press release
marylandspot.com,https://marylandspot.com/press-release/2026-09-24/36823/king-of-aeo-contest-gets-a-second-leader-as-brazil-s-allan-oliveira-takes-number-1-on-google-brazil,2026-09-24,36823,syndicated press release
media.aljazeerawire.com,https://media.aljazeerawire.com/press-release/2026-09-24/37045/king-of-aeo-contest-gets-a-second-leader-as-brazil-s-allan-oliveira-takes-number-1-on-google-brazil,2026-09-24,37045,syndicated press release
media.nevadaheadline.com,https://media.nevadaheadline.com/press-release/2026-09-24/37043/king-of-aeo-contest-gets-a-second-leader-as-brazil-s-allan-oliveira-takes-number-1-on-google-brazil,2026-09-24,37043,syndicated press release
medicalresearchtv.com,https://medicalresearchtv.com/press-release/2026-09-24/36894/king-of-aeo-contest-gets-a-second-leader-as-brazil-s-allan-oliveira-takes-number-1-on-google-brazil,2026-09-24,36894,syndicated press release
metaverseshan.com,https://metaverseshan.com/press-release/2026-09-24/36880/king-of-aeo-contest-gets-a-second-leader-as-brazil-s-allan-oliveira-takes-number-1-on-google-brazil,2026-09-24,36880,syndicated press release
metricsstudy.com,https://metricsstudy.com/press-release/2026-09-24/37073/king-of-aeo-contest-gets-a-second-leader-as-brazil-s-allan-oliveira-takes-number-1-on-google-brazil,2026-09-24,37073,syndicated press release
money-statistics.com,https://money-statistics.com/press-release/2026-09-24/36952/king-of-aeo-contest-gets-a-second-leader-as-brazil-s-allan-oliveira-takes-number-1-on-google-brazil,2026-09-24,36952,syndicated press release
national-news.abc26news.com,https://national-news.abc26news.com/press-release/2026-09-24/36840/king-of-aeo-contest-gets-a-second-leader-as-brazil-s-allan-oliveira-takes-number-1-on-google-brazil,2026-09-24,36840,syndicated press release
national.lasvegastribune.us,https://national.lasvegastribune.us/press-release/2026-09-24/37052/king-of-aeo-contest-gets-a-second-leader-as-brazil-s-allan-oliveira-takes-number-1-on-google-brazil,2026-09-24,37052,syndicated press release
national.usstatewatch.com,https://national.usstatewatch.com/press-release/2026-09-24/36975/king-of-aeo-contest-gets-a-second-leader-as-brazil-s-allan-oliveira-takes-number-1-on-google-brazil,2026-09-24,36975,syndicated press release
nbc-6.com,https://nbc-6.com/press-release/2026-09-24/37071/king-of-aeo-contest-gets-a-second-leader-as-brazil-s-allan-oliveira-takes-number-1-on-google-brazil,2026-09-24,37071,syndicated press release
nbc46news.com,https://nbc46news.com/press-release/2026-09-24/36826/king-of-aeo-contest-gets-a-second-leader-as-brazil-s-allan-oliveira-takes-number-1-on-google-brazil,2026-09-24,36826,syndicated press release
ndtv-news.com,https://ndtv-news.com/press-release/2026-09-24/36827/king-of-aeo-contest-gets-a-second-leader-as-brazil-s-allan-oliveira-takes-number-1-on-google-brazil,2026-09-24,36827,syndicated press release
nevadaheadline.com,https://nevadaheadline.com/press-release/2026-09-24/36915/king-of-aeo-contest-gets-a-second-leader-as-brazil-s-allan-oliveira-takes-number-1-on-google-brazil,2026-09-24,36915,syndicated press release
newdelhixpress.com,https://newdelhixpress.com/press-release/2026-09-24/36879/king-of-aeo-contest-gets-a-second-leader-as-brazil-s-allan-oliveira-takes-number-1-on-google-brazil,2026-09-24,36879,syndicated press release
news.america-insider.net,https://news.america-insider.net/press-release/2026-09-24/37015/king-of-aeo-contest-gets-a-second-leader-as-brazil-s-allan-oliveira-takes-number-1-on-google-brazil,2026-09-24,37015,syndicated press release
news.globeprwire.us,https://news.globeprwire.us/press-release/2026-09-24/37049/king-of-aeo-contest-gets-a-second-leader-as-brazil-s-allan-oliveira-takes-number-1-on-google-brazil,2026-09-24,37049,syndicated press release
news.verticaljournal.top,https://news.verticaljournal.top/press-release/2026-09-24/37002/king-of-aeo-contest-gets-a-second-leader-as-brazil-s-allan-oliveira-takes-number-1-on-google-brazil,2026-09-24,37002,syndicated press release
newyork.uspostnow.com,https://newyork.uspostnow.com/press-release/2026-09-24/36957/king-of-aeo-contest-gets-a-second-leader-as-brazil-s-allan-oliveira-takes-number-1-on-google-brazil,2026-09-24,36957,syndicated press release
nftbrian.uk,https://nftbrian.uk/press-release/2026-09-24/36947/king-of-aeo-contest-gets-a-second-leader-as-brazil-s-allan-oliveira-takes-number-1-on-google-brazil,2026-09-24,36947,syndicated press release
nftcollectorshub.co.uk,https://nftcollectorshub.co.uk/press-release/2026-09-24/36838/king-of-aeo-contest-gets-a-second-leader-as-brazil-s-allan-oliveira-takes-number-1-on-google-brazil,2026-09-24,36838,syndicated press release
nichemarketway.com,https://nichemarketway.com/press-release/2026-09-24/36949/king-of-aeo-contest-gets-a-second-leader-as-brazil-s-allan-oliveira-takes-number-1-on-google-brazil,2026-09-24,36949,syndicated press release
northtribune.us,https://northtribune.us/press-release/2026-09-24/36927/king-of-aeo-contest-gets-a-second-leader-as-brazil-s-allan-oliveira-takes-number-1-on-google-brazil,2026-09-24,36927,syndicated press release
omegacells.com,https://omegacells.com/press-release/2026-09-24/37123/king-of-aeo-contest-gets-a-second-leader-as-brazil-s-allan-oliveira-takes-number-1-on-google-brazil,2026-09-24,37123,syndicated press release
omnimetaverse.org,https://omnimetaverse.org/press-release/2026-09-24/36834/king-of-aeo-contest-gets-a-second-leader-as-brazil-s-allan-oliveira-takes-number-1-on-google-brazil,2026-09-24,36834,syndicated press release
oneinsider.in,https://oneinsider.in/press-release/2026-09-24/37115/king-of-aeo-contest-gets-a-second-leader-as-brazil-s-allan-oliveira-takes-number-1-on-google-brazil,2026-09-24,37115,syndicated press release
outlookdubai.com,https://outlookdubai.com/press-release/2026-09-24/36835/king-of-aeo-contest-gets-a-second-leader-as-brazil-s-allan-oliveira-takes-number-1-on-google-brazil,2026-09-24,36835,syndicated press release
pin-insider.com,https://pin-insider.com/press-release/2026-09-24/36852/king-of-aeo-contest-gets-a-second-leader-as-brazil-s-allan-oliveira-takes-number-1-on-google-brazil,2026-09-24,36852,syndicated press release
politics.yahootrending.com,https://politics.yahootrending.com/press-release/2026-09-24/37044/king-of-aeo-contest-gets-a-second-leader-as-brazil-s-allan-oliveira-takes-number-1-on-google-brazil,2026-09-24,37044,syndicated press release
press-release.blownews.co.uk,https://press-release.blownews.co.uk/press-release/2026-09-24/36955/king-of-aeo-contest-gets-a-second-leader-as-brazil-s-allan-oliveira-takes-number-1-on-google-brazil,2026-09-24,36955,syndicated press release
press.central-chart.com,https://press.central-chart.com/press-release/2026-09-24/36980/king-of-aeo-contest-gets-a-second-leader-as-brazil-s-allan-oliveira-takes-number-1-on-google-brazil,2026-09-24,36980,syndicated press release
press.dailyherald247.co.uk,https://press.dailyherald247.co.uk/press-release/2026-09-24/37012/king-of-aeo-contest-gets-a-second-leader-as-brazil-s-allan-oliveira-takes-number-1-on-google-brazil,2026-09-24,37012,syndicated press release
profitpin.co.uk,https://profitpin.co.uk/press-release/2026-09-24/36943/king-of-aeo-contest-gets-a-second-leader-as-brazil-s-allan-oliveira-takes-number-1-on-google-brazil,2026-09-24,36943,syndicated press release
protimes.org,https://protimes.org/press-release/2026-09-24/37077/king-of-aeo-contest-gets-a-second-leader-as-brazil-s-allan-oliveira-takes-number-1-on-google-brazil,2026-09-24,37077,syndicated press release
publicshade.co.uk,https://publicshade.co.uk/press-release/2026-09-24/36907/king-of-aeo-contest-gets-a-second-leader-as-brazil-s-allan-oliveira-takes-number-1-on-google-brazil,2026-09-24,36907,syndicated press release
pyrrhiantimes.com,https://pyrrhiantimes.com/press-release/2026-09-24/37124/king-of-aeo-contest-gets-a-second-leader-as-brazil-s-allan-oliveira-takes-number-1-on-google-brazil,2026-09-24,37124,syndicated press release
quoraleaks.com,https://quoraleaks.com/press-release/2026-09-24/37066/king-of-aeo-contest-gets-a-second-leader-as-brazil-s-allan-oliveira-takes-number-1-on-google-brazil,2026-09-24,37066,syndicated press release
quotecharacters.com,https://quotecharacters.com/press-release/2026-09-24/37125/king-of-aeo-contest-gets-a-second-leader-as-brazil-s-allan-oliveira-takes-number-1-on-google-brazil,2026-09-24,37125,syndicated press release
real-estate.btcinews.com,https://real-estate.btcinews.com/press-release/2026-09-24/36841/king-of-aeo-contest-gets-a-second-leader-as-brazil-s-allan-oliveira-takes-number-1-on-google-brazil,2026-09-24,36841,syndicated press release
regional.cbs247news.com,https://regional.cbs247news.com/press-release/2026-09-24/37031/king-of-aeo-contest-gets-a-second-leader-as-brazil-s-allan-oliveira-takes-number-1-on-google-brazil,2026-09-24,37031,syndicated press release
researchstudio.co.uk,https://researchstudio.co.uk/press-release/2026-09-24/36910/king-of-aeo-contest-gets-a-second-leader-as-brazil-s-allan-oliveira-takes-number-1-on-google-brazil,2026-09-24,36910,syndicated press release
sandiegolivenews.com,https://sandiegolivenews.com/press-release/2026-09-24/36906/king-of-aeo-contest-gets-a-second-leader-as-brazil-s-allan-oliveira-takes-number-1-on-google-brazil,2026-09-24,36906,syndicated press release
satellitesview.com,https://satellitesview.com/press-release/2026-09-24/37059/king-of-aeo-contest-gets-a-second-leader-as-brazil-s-allan-oliveira-takes-number-1-on-google-brazil,2026-09-24,37059,syndicated press release
singapore-insider.com,https://singapore-insider.com/press-release/2026-09-24/37113/king-of-aeo-contest-gets-a-second-leader-as-brazil-s-allan-oliveira-takes-number-1-on-google-brazil,2026-09-24,37113,syndicated press release
skincareb.com,https://skincareb.com/press-release/2026-09-24/37084/king-of-aeo-contest-gets-a-second-leader-as-brazil-s-allan-oliveira-takes-number-1-on-google-brazil,2026-09-24,37084,syndicated press release
skynewstime.com,https://skynewstime.com/press-release/2026-09-24/37102/king-of-aeo-contest-gets-a-second-leader-as-brazil-s-allan-oliveira-takes-number-1-on-google-brazil,2026-09-24,37102,syndicated press release
smarter-trading.net,https://smarter-trading.net/press-release/2026-09-24/36855/king-of-aeo-contest-gets-a-second-leader-as-brazil-s-allan-oliveira-takes-number-1-on-google-brazil,2026-09-24,36855,syndicated press release
social.greatbritishtimes.co.uk,https://social.greatbritishtimes.co.uk/press-release/2026-09-24/37038/king-of-aeo-contest-gets-a-second-leader-as-brazil-s-allan-oliveira-takes-number-1-on-google-brazil,2026-09-24,37038,syndicated press release
software.developmenttone.com,https://software.developmenttone.com/press-release/2026-09-24/37041/king-of-aeo-contest-gets-a-second-leader-as-brazil-s-allan-oliveira-takes-number-1-on-google-brazil,2026-09-24,37041,syndicated press release
software.expertprotech.com,https://software.expertprotech.com/press-release/2026-09-24/37018/king-of-aeo-contest-gets-a-second-leader-as-brazil-s-allan-oliveira-takes-number-1-on-google-brazil,2026-09-24,37018,syndicated press release
sport-gossip.ventureworld.org,https://sport-gossip.ventureworld.org/press-release/2026-09-24/36965/king-of-aeo-contest-gets-a-second-leader-as-brazil-s-allan-oliveira-takes-number-1-on-google-brazil,2026-09-24,36965,syndicated press release
sports-news.omnimetaverse.org,https://sports-news.omnimetaverse.org/press-release/2026-09-24/36969/king-of-aeo-contest-gets-a-second-leader-as-brazil-s-allan-oliveira-takes-number-1-on-google-brazil,2026-09-24,36969,syndicated press release
sports.blownews.co.uk,https://sports.blownews.co.uk/press-release/2026-09-24/36849/king-of-aeo-contest-gets-a-second-leader-as-brazil-s-allan-oliveira-takes-number-1-on-google-brazil,2026-09-24,36849,syndicated press release
springfield-tv.com,https://springfield-tv.com/press-release/2026-09-24/36913/king-of-aeo-contest-gets-a-second-leader-as-brazil-s-allan-oliveira-takes-number-1-on-google-brazil,2026-09-24,36913,syndicated press release
state.georgiatimeline.com,https://state.georgiatimeline.com/press-release/2026-09-24/37022/king-of-aeo-contest-gets-a-second-leader-as-brazil-s-allan-oliveira-takes-number-1-on-google-brazil,2026-09-24,37022,syndicated press release
statelinetech.net,https://statelinetech.net/press-release/2026-09-24/37127/king-of-aeo-contest-gets-a-second-leader-as-brazil-s-allan-oliveira-takes-number-1-on-google-brazil,2026-09-24,37127,syndicated press release
stock-market-news.nbc46news.com,https://stock-market-news.nbc46news.com/press-release/2026-09-24/36843/king-of-aeo-contest-gets-a-second-leader-as-brazil-s-allan-oliveira-takes-number-1-on-google-brazil,2026-09-24,36843,syndicated press release
stock.genieresearch.co.uk,https://stock.genieresearch.co.uk/press-release/2026-09-24/37019/king-of-aeo-contest-gets-a-second-leader-as-brazil-s-allan-oliveira-takes-number-1-on-google-brazil,2026-09-24,37019,syndicated press release
stocknews.stockretire.com,https://stocknews.stockretire.com/press-release/2026-09-24/36959/king-of-aeo-contest-gets-a-second-leader-as-brazil-s-allan-oliveira-takes-number-1-on-google-brazil,2026-09-24,36959,syndicated press release
stockretire.com,https://stockretire.com/press-release/2026-09-24/36824/king-of-aeo-contest-gets-a-second-leader-as-brazil-s-allan-oliveira-takes-number-1-on-google-brazil,2026-09-24,36824,syndicated press release
story.thelondonjournal.co.uk,https://story.thelondonjournal.co.uk/press-release/2026-09-24/36992/king-of-aeo-contest-gets-a-second-leader-as-brazil-s-allan-oliveira-takes-number-1-on-google-brazil,2026-09-24,36992,syndicated press release
street-insider.com,https://street-insider.com/press-release/2026-09-24/37070/king-of-aeo-contest-gets-a-second-leader-as-brazil-s-allan-oliveira-takes-number-1-on-google-brazil,2026-09-24,37070,syndicated press release
studentcorer.com,https://studentcorer.com/press-release/2026-09-24/37060/king-of-aeo-contest-gets-a-second-leader-as-brazil-s-allan-oliveira-takes-number-1-on-google-brazil,2026-09-24,37060,syndicated press release
studio-hubs.net,https://studio-hubs.net/press-release/2026-09-24/36888/king-of-aeo-contest-gets-a-second-leader-as-brazil-s-allan-oliveira-takes-number-1-on-google-brazil,2026-09-24,36888,syndicated press release
sudiapost.com,https://sudiapost.com/press-release/2026-09-24/36951/king-of-aeo-contest-gets-a-second-leader-as-brazil-s-allan-oliveira-takes-number-1-on-google-brazil,2026-09-24,36951,syndicated press release
techbusinesscards.com,https://techbusinesscards.com/press-release/2026-09-24/36877/king-of-aeo-contest-gets-a-second-leader-as-brazil-s-allan-oliveira-takes-number-1-on-google-brazil,2026-09-24,36877,syndicated press release
technical.ustimestoday.net,https://technical.ustimestoday.net/press-release/2026-09-24/36979/king-of-aeo-contest-gets-a-second-leader-as-brazil-s-allan-oliveira-takes-number-1-on-google-brazil,2026-09-24,36979,syndicated press release
technology-business.net,https://technology-business.net/press-release/2026-09-24/36944/king-of-aeo-contest-gets-a-second-leader-as-brazil-s-allan-oliveira-takes-number-1-on-google-brazil,2026-09-24,36944,syndicated press release
technology.researchstudio.co.uk,https://technology.researchstudio.co.uk/press-release/2026-09-24/37030/king-of-aeo-contest-gets-a-second-leader-as-brazil-s-allan-oliveira-takes-number-1-on-google-brazil,2026-09-24,37030,syndicated press release
technology.techbusinesscards.com,https://technology.techbusinesscards.com/press-release/2026-09-24/36998/king-of-aeo-contest-gets-a-second-leader-as-brazil-s-allan-oliveira-takes-number-1-on-google-brazil,2026-09-24,36998,syndicated press release
technology.universalguide.co.uk,https://technology.universalguide.co.uk/press-release/2026-09-24/37046/king-of-aeo-contest-gets-a-second-leader-as-brazil-s-allan-oliveira-takes-number-1-on-google-brazil,2026-09-24,37046,syndicated press release
technologynews24.us,https://technologynews24.us/press-release/2026-09-24/36936/king-of-aeo-contest-gets-a-second-leader-as-brazil-s-allan-oliveira-takes-number-1-on-google-brazil,2026-09-24,36936,syndicated press release
technologysky.top,https://technologysky.top/press-release/2026-09-24/37074/king-of-aeo-contest-gets-a-second-leader-as-brazil-s-allan-oliveira-takes-number-1-on-google-brazil,2026-09-24,37074,syndicated press release
techstatement.us,https://techstatement.us/press-release/2026-09-24/36939/king-of-aeo-contest-gets-a-second-leader-as-brazil-s-allan-oliveira-takes-number-1-on-google-brazil,2026-09-24,36939,syndicated press release
television.watchersky.com,https://television.watchersky.com/press-release/2026-09-24/36987/king-of-aeo-contest-gets-a-second-leader-as-brazil-s-allan-oliveira-takes-number-1-on-google-brazil,2026-09-24,36987,syndicated press release
thebakersfieldtribune.com,https://thebakersfieldtribune.com/press-release/2026-09-24/36897/king-of-aeo-contest-gets-a-second-leader-as-brazil-s-allan-oliveira-takes-number-1-on-google-brazil,2026-09-24,36897,syndicated press release
thebradfordtribune.us,https://thebradfordtribune.us/press-release/2026-09-24/37121/king-of-aeo-contest-gets-a-second-leader-as-brazil-s-allan-oliveira-takes-number-1-on-google-brazil,2026-09-24,37121,syndicated press release
thecaliforniatribune.com,https://thecaliforniatribune.com/press-release/2026-09-24/36905/king-of-aeo-contest-gets-a-second-leader-as-brazil-s-allan-oliveira-takes-number-1-on-google-brazil,2026-09-24,36905,syndicated press release
thekansastribune.com,https://thekansastribune.com/press-release/2026-09-24/36884/king-of-aeo-contest-gets-a-second-leader-as-brazil-s-allan-oliveira-takes-number-1-on-google-brazil,2026-09-24,36884,syndicated press release
theleicestertribune.us,https://theleicestertribune.us/press-release/2026-09-24/37104/king-of-aeo-contest-gets-a-second-leader-as-brazil-s-allan-oliveira-takes-number-1-on-google-brazil,2026-09-24,37104,syndicated press release
thelondonjournal.co.uk,https://thelondonjournal.co.uk/press-release/2026-09-24/36872/king-of-aeo-contest-gets-a-second-leader-as-brazil-s-allan-oliveira-takes-number-1-on-google-brazil,2026-09-24,36872,syndicated press release
theportlandtribune.com,https://theportlandtribune.com/press-release/2026-09-24/36889/king-of-aeo-contest-gets-a-second-leader-as-brazil-s-allan-oliveira-takes-number-1-on-google-brazil,2026-09-24,36889,syndicated press release
thescient.com,https://thescient.com/press-release/2026-09-24/37112/king-of-aeo-contest-gets-a-second-leader-as-brazil-s-allan-oliveira-takes-number-1-on-google-brazil,2026-09-24,37112,syndicated press release
theustribune.com,https://theustribune.com/press-release/2026-09-24/36857/king-of-aeo-contest-gets-a-second-leader-as-brazil-s-allan-oliveira-takes-number-1-on-google-brazil,2026-09-24,36857,syndicated press release
thevirginiapost.com,https://thevirginiapost.com/press-release/2026-09-24/37090/king-of-aeo-contest-gets-a-second-leader-as-brazil-s-allan-oliveira-takes-number-1-on-google-brazil,2026-09-24,37090,syndicated press release
timber-trade.businessbreakthrough.net,https://timber-trade.businessbreakthrough.net/press-release/2026-09-24/36972/king-of-aeo-contest-gets-a-second-leader-as-brazil-s-allan-oliveira-takes-number-1-on-google-brazil,2026-09-24,36972,syndicated press release
tmcent.net,https://tmcent.net/press-release/2026-09-24/37057/king-of-aeo-contest-gets-a-second-leader-as-brazil-s-allan-oliveira-takes-number-1-on-google-brazil,2026-09-24,37057,syndicated press release
tmcreak.co.uk,https://tmcreak.co.uk/press-release/2026-09-24/36920/king-of-aeo-contest-gets-a-second-leader-as-brazil-s-allan-oliveira-takes-number-1-on-google-brazil,2026-09-24,36920,syndicated press release
token.cryptostudystock.com,https://token.cryptostudystock.com/press-release/2026-09-24/37023/king-of-aeo-contest-gets-a-second-leader-as-brazil-s-allan-oliveira-takes-number-1-on-google-brazil,2026-09-24,37023,syndicated press release
token24news.co.uk,https://token24news.co.uk/press-release/2026-09-24/36904/king-of-aeo-contest-gets-a-second-leader-as-brazil-s-allan-oliveira-takes-number-1-on-google-brazil,2026-09-24,36904,syndicated press release
top247.co.uk,https://top247.co.uk/press-release/2026-09-24/37078/king-of-aeo-contest-gets-a-second-leader-as-brazil-s-allan-oliveira-takes-number-1-on-google-brazil,2026-09-24,37078,syndicated press release
totalcryptoguide.com,https://totalcryptoguide.com/press-release/2026-09-24/36833/king-of-aeo-contest-gets-a-second-leader-as-brazil-s-allan-oliveira-takes-number-1-on-google-brazil,2026-09-24,36833,syndicated press release
trade.eveningtimes.net,https://trade.eveningtimes.net/press-release/2026-09-24/37020/king-of-aeo-contest-gets-a-second-leader-as-brazil-s-allan-oliveira-takes-number-1-on-google-brazil,2026-09-24,37020,syndicated press release
trainup1.com,https://trainup1.com/press-release/2026-09-24/37120/king-of-aeo-contest-gets-a-second-leader-as-brazil-s-allan-oliveira-takes-number-1-on-google-brazil,2026-09-24,37120,syndicated press release
tranding.smarter-trading.net,https://tranding.smarter-trading.net/press-release/2026-09-24/36983/king-of-aeo-contest-gets-a-second-leader-as-brazil-s-allan-oliveira-takes-number-1-on-google-brazil,2026-09-24,36983,syndicated press release
travel.springfield-tv.com,https://travel.springfield-tv.com/press-release/2026-09-24/37033/king-of-aeo-contest-gets-a-second-leader-as-brazil-s-allan-oliveira-takes-number-1-on-google-brazil,2026-09-24,37033,syndicated press release
trending-trade.bitcryptosolutions.com,https://trending-trade.bitcryptosolutions.com/press-release/2026-09-24/36967/king-of-aeo-contest-gets-a-second-leader-as-brazil-s-allan-oliveira-takes-number-1-on-google-brazil,2026-09-24,36967,syndicated press release
trending.californiaheadline.net,https://trending.californiaheadline.net/press-release/2026-09-24/36999/king-of-aeo-contest-gets-a-second-leader-as-brazil-s-allan-oliveira-takes-number-1-on-google-brazil,2026-09-24,36999,syndicated press release
tulsaheadlines.net,https://tulsaheadlines.net/press-release/2026-09-24/36873/king-of-aeo-contest-gets-a-second-leader-as-brazil-s-allan-oliveira-takes-number-1-on-google-brazil,2026-09-24,36873,syndicated press release
tv.haywardflow.com,https://tv.haywardflow.com/press-release/2026-09-24/37010/king-of-aeo-contest-gets-a-second-leader-as-brazil-s-allan-oliveira-takes-number-1-on-google-brazil,2026-09-24,37010,syndicated press release
uaestreetjournal.com,https://uaestreetjournal.com/press-release/2026-09-24/36866/king-of-aeo-contest-gets-a-second-leader-as-brazil-s-allan-oliveira-takes-number-1-on-google-brazil,2026-09-24,36866,syndicated press release
uk-insider.co.uk,https://uk-insider.co.uk/press-release/2026-09-24/36870/king-of-aeo-contest-gets-a-second-leader-as-brazil-s-allan-oliveira-takes-number-1-on-google-brazil,2026-09-24,36870,syndicated press release
ukfinanceday.com,https://ukfinanceday.com/press-release/2026-09-24/36858/king-of-aeo-contest-gets-a-second-leader-as-brazil-s-allan-oliveira-takes-number-1-on-google-brazil,2026-09-24,36858,syndicated press release
ukpostnow.com,https://ukpostnow.com/press-release/2026-09-24/36821/king-of-aeo-contest-gets-a-second-leader-as-brazil-s-allan-oliveira-takes-number-1-on-google-brazil,2026-09-24,36821,syndicated press release
universalguide.co.uk,https://universalguide.co.uk/press-release/2026-09-24/36931/king-of-aeo-contest-gets-a-second-leader-as-brazil-s-allan-oliveira-takes-number-1-on-google-brazil,2026-09-24,36931,syndicated press release
updates.crypto-reporters.net,https://updates.crypto-reporters.net/press-release/2026-09-24/36993/king-of-aeo-contest-gets-a-second-leader-as-brazil-s-allan-oliveira-takes-number-1-on-google-brazil,2026-09-24,36993,syndicated press release
us.tulsaheadlines.net,https://us.tulsaheadlines.net/press-release/2026-09-24/36994/king-of-aeo-contest-gets-a-second-leader-as-brazil-s-allan-oliveira-takes-number-1-on-google-brazil,2026-09-24,36994,syndicated press release
uspostnow.com,https://uspostnow.com/press-release/2026-09-24/36822/king-of-aeo-contest-gets-a-second-leader-as-brazil-s-allan-oliveira-takes-number-1-on-google-brazil,2026-09-24,36822,syndicated press release
usstatewatch.com,https://usstatewatch.com/press-release/2026-09-24/36859/king-of-aeo-contest-gets-a-second-leader-as-brazil-s-allan-oliveira-takes-number-1-on-google-brazil,2026-09-24,36859,syndicated press release
ustimestoday.net,https://ustimestoday.net/press-release/2026-09-24/36851/king-of-aeo-contest-gets-a-second-leader-as-brazil-s-allan-oliveira-takes-number-1-on-google-brazil,2026-09-24,36851,syndicated press release
ventureworld.org,https://ventureworld.org/press-release/2026-09-24/36830/king-of-aeo-contest-gets-a-second-leader-as-brazil-s-allan-oliveira-takes-number-1-on-google-brazil,2026-09-24,36830,syndicated press release
verticaljournal.top,https://verticaljournal.top/press-release/2026-09-24/36875/king-of-aeo-contest-gets-a-second-leader-as-brazil-s-allan-oliveira-takes-number-1-on-google-brazil,2026-09-24,36875,syndicated press release
virginiaininsider.us,https://virginiaininsider.us/press-release/2026-09-24/37087/king-of-aeo-contest-gets-a-second-leader-as-brazil-s-allan-oliveira-takes-number-1-on-google-brazil,2026-09-24,37087,syndicated press release
virtual.metaverseshan.com,https://virtual.metaverseshan.com/press-release/2026-09-24/37008/king-of-aeo-contest-gets-a-second-leader-as-brazil-s-allan-oliveira-takes-number-1-on-google-brazil,2026-09-24,37008,syndicated press release
vision.healthweekend.net,https://vision.healthweekend.net/press-release/2026-09-24/37013/king-of-aeo-contest-gets-a-second-leader-as-brazil-s-allan-oliveira-takes-number-1-on-google-brazil,2026-09-24,37013,syndicated press release
wallstreettv.net,https://wallstreettv.net/press-release/2026-09-24/37111/king-of-aeo-contest-gets-a-second-leader-as-brazil-s-allan-oliveira-takes-number-1-on-google-brazil,2026-09-24,37111,syndicated press release
washington.dc-clock.com,https://washington.dc-clock.com/press-release/2026-09-24/37016/king-of-aeo-contest-gets-a-second-leader-as-brazil-s-allan-oliveira-takes-number-1-on-google-brazil,2026-09-24,37016,syndicated press release
watan.alwatannews.co.uk,https://watan.alwatannews.co.uk/press-release/2026-09-24/37037/king-of-aeo-contest-gets-a-second-leader-as-brazil-s-allan-oliveira-takes-number-1-on-google-brazil,2026-09-24,37037,syndicated press release
watchersky.com,https://watchersky.com/press-release/2026-09-24/36865/king-of-aeo-contest-gets-a-second-leader-as-brazil-s-allan-oliveira-takes-number-1-on-google-brazil,2026-09-24,36865,syndicated press release
webtraff.com,https://webtraff.com/press-release/2026-09-24/37088/king-of-aeo-contest-gets-a-second-leader-as-brazil-s-allan-oliveira-takes-number-1-on-google-brazil,2026-09-24,37088,syndicated press release
westfortcollins.com,https://westfortcollins.com/press-release/2026-09-24/36892/king-of-aeo-contest-gets-a-second-leader-as-brazil-s-allan-oliveira-takes-number-1-on-google-brazil,2026-09-24,36892,syndicated press release
wiki-crack.com,https://wiki-crack.com/press-release/2026-09-24/36863/king-of-aeo-contest-gets-a-second-leader-as-brazil-s-allan-oliveira-takes-number-1-on-google-brazil,2026-09-24,36863,syndicated press release
wikinewsleak.com,https://wikinewsleak.com/press-release/2026-09-24/37110/king-of-aeo-contest-gets-a-second-leader-as-brazil-s-allan-oliveira-takes-number-1-on-google-brazil,2026-09-24,37110,syndicated press release
winter-sports.abc26news.com,https://winter-sports.abc26news.com/press-release/2026-09-24/36964/king-of-aeo-contest-gets-a-second-leader-as-brazil-s-allan-oliveira-takes-number-1-on-google-brazil,2026-09-24,36964,syndicated press release
wolfnews.co.uk,https://wolfnews.co.uk/press-release/2026-09-24/37131/king-of-aeo-contest-gets-a-second-leader-as-brazil-s-allan-oliveira-takes-number-1-on-google-brazil,2026-09-24,37131,syndicated press release
world.arizonaheadlines.com,https://world.arizonaheadlines.com/press-release/2026-09-24/37028/king-of-aeo-contest-gets-a-second-leader-as-brazil-s-allan-oliveira-takes-number-1-on-google-brazil,2026-09-24,37028,syndicated press release
world.asianews1.com,https://world.asianews1.com/press-release/2026-09-24/36996/king-of-aeo-contest-gets-a-second-leader-as-brazil-s-allan-oliveira-takes-number-1-on-google-brazil,2026-09-24,36996,syndicated press release
world.cw360news.com,https://world.cw360news.com/press-release/2026-09-24/37040/king-of-aeo-contest-gets-a-second-leader-as-brazil-s-allan-oliveira-takes-number-1-on-google-brazil,2026-09-24,37040,syndicated press release
world.grandpaper.co.uk,https://world.grandpaper.co.uk/press-release/2026-09-24/37042/king-of-aeo-contest-gets-a-second-leader-as-brazil-s-allan-oliveira-takes-number-1-on-google-brazil,2026-09-24,37042,syndicated press release
yahoopaper.com,https://yahoopaper.com/press-release/2026-09-24/36917/king-of-aeo-contest-gets-a-second-leader-as-brazil-s-allan-oliveira-takes-number-1-on-google-brazil,2026-09-24,36917,syndicated press release
yahootrending.com,https://yahootrending.com/press-release/2026-09-24/36919/king-of-aeo-contest-gets-a-second-leader-as-brazil-s-allan-oliveira-takes-number-1-on-google-brazil,2026-09-24,36919,syndicated press release
yearlyfusion.com,https://yearlyfusion.com/press-release/2026-09-24/37122/king-of-aeo-contest-gets-a-second-leader-as-brazil-s-allan-oliveira-takes-number-1-on-google-brazil,2026-09-24,37122,syndicated press release
yorkweek.us,https://yorkweek.us/press-release/2026-09-24/36938/king-of-aeo-contest-gets-a-second-leader-as-brazil-s-allan-oliveira-takes-number-1-on-google-brazil,2026-09-24,36938,syndicated press release
